exposure,predicted_mean,ci_low,ci_high
9.39917164596366,8052.075594972604,6492.528746142287,9611.622443802922
9.484051828070552,8051.276842038624,6528.441151471345,9574.112532605903
9.568932010177441,8050.478089104645,6564.229446763715,9536.726731445575
9.653812192284333,8049.679336170664,6599.8842358613965,9499.474436479932
9.738692374391224,8048.880583236683,6635.395189422141,9462.365977051226
9.823572556498116,8048.081830302703,6670.750931862135,9425.41272874327
9.908452738605005,8047.283077368722,6705.938912474065,9388.62724226338
9.993332920711897,8046.484324434741,6740.94525829365,9352.023390575832
10.078213102818788,8045.6855715007605,6775.754605908566,9315.616537092956
10.16309328492568,8044.88681856678,6810.3499089747265,9279.423728158832
10.247973467032569,8044.088065632799,6844.712217724383,9243.463913541216
10.33285364913946,8043.289312698818,6878.820426221918,9207.75819917572
10.417733831246352,8042.490559764838,6912.650982556976,9172.3301369727
10.502614013353242,8041.691806830857,6946.177556579624,9137.20605708209
10.587494195460133,8040.893053896876,6979.370659216692,9102.41544857706
10.672374377567024,8040.094300962895,7012.197206922176,9067.991395003615
10.757254559673914,8039.295548028915,7044.620024507318,9033.971071550512
10.842134741780805,8038.496795094934,7076.597279618226,9000.396310571643
10.927014923887697,8037.698042160953,7108.0818427100785,8967.314241611828
11.011895105994588,8036.8992892269725,7139.0205678428365,8934.778010611108
11.096775288101478,8036.100536292992,7169.353492471603,8902.84758011438
11.18165547020837,8035.301783359011,7199.012959293075,8871.590607424947
11.26653565231526,8034.50303042503,7227.922671026267,8841.083389823794
11.351415834422152,8033.70427749105,7255.996700889229,8811.41185409287
11.436296016529042,8032.905524557069,7283.138498831294,8782.672550282845
11.521176198635933,8032.10677162309,7309.239957712483,8754.973585533697
11.606056380742825,8031.308018689109,7334.180635733437,8728.435401644781
11.690936562849714,8030.509265755129,7357.827271715038,8703.19125979522
11.775816744956606,8029.710512821148,7380.033776458611,8679.387249183685
11.860696927063497,8028.911759887167,7400.641930863555,8657.181588910778
11.945577109170387,8028.113006953186,7419.4830586448315,8636.742955261541
12.030457291277278,8027.314254019206,7436.3809502360555,8618.247557802355
12.11533747338417,8026.515501085225,7451.156270092901,8601.87473207755
12.20021765549106,8025.716748151244,7463.632555630345,8587.800940672143
12.285097837597952,8024.9179952172635,7473.643695161993,8576.192295272534
12.369978019704842,8024.119242283283,7481.042463230098,8567.196021336467
12.454858201811733,8023.320489349302,7485.709345846955,8560.931632851649
12.539738383918625,8022.521736415321,7487.56060239266,8557.482870437982
12.624618566025514,8021.722983481341,7486.5544045854185,8556.891562377263
12.709498748132406,8020.92423054736,7482.694056378407,8559.154404716313
12.794378930239297,8020.125477613379,7476.027735879265,8564.223219347494
12.879259112346187,8019.3267246793985,7466.644804982217,8572.00864437658
12.964139294453078,8018.527971745418,7454.669322981429,8582.386620509405
13.04901947655997,8017.729218811437,7440.251802077672,8595.206635545203
13.13389965866686,8016.930465877456,7423.560364242023,8610.30056751289
13.21877984077375,8016.131712943476,7404.7723196092875,8627.491106277665
13.303660022880642,8015.332960009495,7384.066884771147,8646.599035247842
13.388540204987533,8014.534207075514,7361.6194137820075,8667.44900036902
13.473420387094425,8013.735454141535,7337.5972164401555,8689.873691842915
13.558300569201315,8012.9367012075545,7312.156831856178,8713.716570558932
13.643180751308206,8012.137948273574,7285.442514326088,8738.833382221059
13.728060933415097,8011.339195339593,7257.5856535383655,8765.09273714082
13.812941115521987,8010.540442405612,7228.704865406564,8792.37601940466
13.897821297628878,8009.741689471632,7198.906529423209,8820.576849520055
13.98270147973577,8008.942936537651,7168.285596293809,8849.600276781492
14.06758166184266,8008.14418360367,7136.926535557719,8879.361831649621
14.15246184394955,8007.345430669689,7104.904332063592,8909.786529275787
14.237342026056442,8006.546677735709,7072.285471077852,8940.807884393565
14.322222208163332,8005.747924801728,7039.12887486323,8972.366974740227
14.407102390270225,8004.949171867747,7005.486769989626,9004.411573745869
14.491982572377115,8004.150418933767,6971.405475853569,9036.895362013964
14.576862754484006,8003.351665999786,6936.926112211213,9069.777219788359
14.661742936590898,8002.552913065805,6902.085228072483,9103.020598059127
14.746623118697787,8001.754160131824,6866.915356917181,9136.592963346468
14.831503300804679,8000.955407197844,6831.445504514458,9170.46530988123
14.91638348291157,8000.156654263863,6795.701576108959,9204.611732418767
15.00126366501846,7999.357901329882,6759.706749699904,9239.00905295986
15.086143847125351,7998.5591483959015,6723.481801797775,9273.636494994029
15.171024029232242,7997.760395461921,6687.045391540894,9308.475399382947
15.255904211339132,7996.96164252794,6650.414308482297,9343.508976573583
15.340784393446025,7996.162889593961,6613.603688773626,9378.722090414296
15.425664575552915,7995.36413665998,6576.627203910909,9414.101069409053
15.510544757659806,7994.565383726,6539.497225684835,9449.633541767165
15.595424939766698,7993.766630792019,6502.224970505533,9485.308291078505
15.680305121873587,7992.967877858038,6464.820625849654,9521.115129866423
15.765185303980479,7992.1691249240575,6427.293461205951,9557.044788642164
15.85006548608737,7991.370371990077,6389.6519255709345,9593.088818409218
15.93494566819426,7990.571619056096,6351.903733263704,9629.239504848487
16.019825850301153,7989.772866122115,6314.055939585584,9665.489792658645
16.104706032408043,7988.974113188135,6276.115007639599,9701.83321873667
16.189586214514932,7988.175360254154,6238.086867444201,9738.263853064107
16.274466396621825,7987.376607320173,6199.976968320301,9774.776246320045
16.359346578728715,7986.5778543861925,6161.790325397213,9811.365383375172
16.444226760835605,7985.779101452212,6123.5315609688605,9848.026641935563
16.529106942942498,7984.980348518231,6085.204941333297,9884.755755703165
16.613987125049388,7984.18159558425,6046.814409664439,9921.548781504061
16.698867307156277,7983.38284265027,6008.363615392273,9958.402069908267
16.78374748926317,7982.584089716289,5969.855940505743,9995.312238926836
16.86862767137006,7981.785336782308,5931.294523138906,10032.27615042571
16.95350785347695,7980.986583848327,5892.682278754537,10069.290888942118
17.038388035583843,7980.187830914347,5854.021919199953,10106.35374262874
17.123268217690732,7979.389077980366,5815.315969874932,10143.462186085799
17.208148399797622,7978.590325046385,5776.566785222229,10180.613864870542
17.293028581904515,7977.791572112406,5737.776562725174,10217.806581499639
17.377908764011405,7976.992819178426,5698.9473555745435,10255.038282782309
17.462788946118295,7976.194066244445,5660.08108414747,10292.30704834142
17.547669128225188,7975.395313310464,5621.179546424202,10329.611080196726
17.63254931033208,7974.5965603764835,5582.2444274538775,10366.94869329909
17.717429492438967,7973.797807442503,5543.277307967424,10404.318306917581
17.80230967454586,7972.999054508522,5504.279672224739,10441.718436792304
